alpha,time
1.5848931924611136,1000000.0
1.2589254117941673,1000000.0
1.5848931924611136,891250.9381337459
