alpha,time
0.5011872336272722,3981071.7055349695
0.3981071705534972,3981071.7055349695
0.5011872336272722,2818382.9312644494
